 {
  "fields": [
    {"name": "discr", "type": "select", "options": ["baniere", "profile"]},
    {"name": "del", "type": "boolean"},
    {"name": "active", "type": "boolean"},
    {"name": "user_id", "type": "integer#unsigned"}
  ],
   "foreign_keys": [
    {
      "column": "user_id", "references": "id", "on": "users",
      "onDelete": "cascade"
    }
  ],
  "relationships": [
    {
      "name": "user",
      "type": "belongsTo",
      "class": "App\\Model\\User"
    }
  ],
  "validations": [
    {
      "field": "title",
      "rules": "required|max:10"
    }
  ]
}